Year,Canada,Mexico,United States of America,Total North America,Argentina,Brazil,Chile,Colombia,Ecuador,Peru,Trinidad & Tobago,Venezuela,Central America,Other Caribbean,Bolivia,Uraguay,Paraguay,Other South America,Total S. & Cent. America,Austria,Belgium,Bulgaria,Croatia,Cyprus,Czech Republic,Denmark,Estonia,Finland,France,Germany,Greece,Hungary,Iceland,Ireland,Italy,Latvia,Lithuania,Luxembourg,Netherlands,North Macedonia,Norway,Poland,Portugal,Romania,Slovakia,Slovenia,Spain,Sweden,Switzerland,Turkey,Ukraine,United Kingdom,Other Europe,Total Europe,Azerbaijan,Belarus,Kazakhstan,Russia,Turkmenistan,USSR,Uzbekistan,Other CIS,Total CIS,Iran,Iraq,Israel,Kuwait,Oman,Qatar,Saudi Arabia,United Arab Emirates,Other Middle East,Total Middle East,Algeria,Egypt,Morocco,South Africa,Sudan,Mozambique,Madagascar,Malawi,Uganda,Zambia,Zimbabwe,Eritrea,Djibouti,Somalia,Kenya,Ethiopia,Tanzania,Eastern Africa,Angola,Cameroon,Central African Republic,Chad,Dem. Rep. Congo,Republic of Congo,Equatorial Guinea,Gabon,Sao Tome,Principe,Middle Africa,Mauritania,Senegal,Gambia,Guinea,Liberia,Ivory Coast,Ghana,Benin,Nigeria,Burkina Faso,Cape Verde,Mali,Niger,Western Africa,Libya,Algeria,Western Sahara,Other Northern Africa,Botswana,Lesotho,Namibia,Swaziland,Other Southern Africa,Total Africa,Australia,Bangladesh,China,China Hong Kong SAR,India,Indonesia,Japan,Malaysia,New Zealand,Pakistan,Philippines,Singapore,South Korea,Sri Lanka,Taiwan,Thailand,Vietnam,Other Asia Pacific,Total Asia Pacific,Total World,of which: OECD,                 Non-OECD,                 European Union #
1965,190.3,213,238.9,234.4,246.9,191.3,231,241.4,240.2,223.7,227.9,228.7,243.6,221.6,231.4,231.4,231.4,231.4,225.7,211.8,302,307.3,,259.4,333.5,287.1,,217.6,253.2,306.9,285,321.7,200.5,296.1,222.6,,,320.3,272.9,,85.8,326,214.6,244.3,291.7,,240.9,178.8,164.1,276.3,,297.3,274.4,277.4,,,,,,278,,,278,219.9,251.4,255.3,211.2,265.4,218.3,265.8,256.1,252.8,246.6,224.9,250.7,203.6,319.6,230.2,230.2,230.2,230.2,230.2,230.2,230.2,230.2,230.2,230.2,230.2,230.2,230.2,230.2,186.4,186.4,186.4,186.4,186.4,186.4,186.4,186.4,186.4,186.4,186.4,258.4,258.4,258.4,258.4,258.4,258.4,258.4,258.4,258.4,258.4,258.4,258.4,258.4,258.4,261.4,261.4,261.4,261.4,259.3,259.3,259.3,259.3,259.3,278,280.8,,318.8,271.2,271.8,239.2,246.9,242.6,180.5,238.4,242.3,273.4,333,223.9,269.7,241.1,279.9,275.9,275.6,259.2,252.7,274.6,282.6
1966,186.7,210.7,238.9,234,245.9,191.2,231.2,239.7,237.3,225.9,223.7,228.1,241.5,220.4,210.1,210.1,210.1,210.1,224.1,204,297.8,305.8,,252,332.6,287.1,,216.9,248.5,303,274.8,316.6,204.4,299.7,222.7,,,317.3,265.6,,91.7,325.2,201,244.1,291,,224.8,185.1,155.1,277.2,,292.8,268.3,273,,,,,,276.2,,,276.2,222.6,249.5,254.6,210.9,265.4,216,265.4,256.1,252.5,246.3,230.7,249.9,230.5,318.5,228.2,228.2,228.2,228.2,228.2,228.2,228.2,228.2,228.2,228.2,228.2,228.2,228.2,228.2,186.1,186.1,186.1,186.1,186.1,186.1,186.1,186.1,186.1,186.1,186.1,251.8,251.8,251.8,251.8,251.8,251.8,251.8,251.8,251.8,251.8,251.8,251.8,251.8,251.8,261.8,261.8,261.8,261.8,288.4,288.4,288.4,288.4,288.4,275.7,281.3,,318.5,269.8,267.8,234.2,246.5,242.4,178.4,234.1,244.2,273.4,326.9,221.6,267.5,240.2,271.2,278.9,274.7,257.2,250.5,273.2,278.1
1967,187.6,211.9,237,232.3,245.6,190.6,230.9,238,235.9,223.3,222.1,226,240.5,220.5,211.8,211.8,211.8,211.8,223.3,203.4,295.6,303.6,,253,331,284.1,,212,250.9,300.8,273,309,199.2,301,227.2,,,314.6,262,,88,323.7,202.8,243.6,290.3,,234.3,178.8,153.6,269.1,,288.1,257.9,270.4,,,,,,274.9,,,274.9,225.3,252.8,254.4,210.8,265.4,216.4,265.1,211.8,251.6,246,226.1,244.7,235,314.8,229.3,229.3,229.3,229.3,229.3,229.3,229.3,229.3,229.3,229.3,229.3,229.3,229.3,229.3,190.1,190.1,190.1,190.1,190.1,190.1,190.1,190.1,190.1,190.1,190.1,235.4,235.4,235.4,235.4,235.4,235.4,235.4,235.4,235.4,235.4,235.4,235.4,235.4,235.4,261,261,261,261,285.4,285.4,285.4,285.4,285.4,273.4,280.7,,317.8,269.3,266.6,226.7,252.2,243,176.3,230.7,244.3,274.1,314.9,221.5,266.4,239,268.8,281.2,273.5,255.5,248.9,271.1,276
1968,190.2,210.7,236.5,232.1,244.3,195.8,237.5,233.8,238.6,221.8,221.3,223.1,238.8,220.5,210.7,210.7,210.7,210.7,223,203.9,290.3,306,,253.8,330.9,282.4,,223.8,246.7,298.3,275.3,304,201.5,305.2,227.4,,,314.2,263.6,,86.1,321.4,206.4,243.9,286.9,,231.3,186.3,159.7,256.6,,286.3,254.6,268.8,,,,,,271.6,,,271.6,227.8,253.2,253.6,210.4,265.4,208.5,264.6,210.5,250,245.2,223.9,237.8,231.5,314.3,230,230,230,230,230,230,230,230,230,230,230,230,230,230,189.9,189.9,189.9,189.9,189.9,189.9,189.9,189.9,189.9,189.9,189.9,219.4,219.4,219.4,219.4,219.4,219.4,219.4,219.4,219.4,219.4,219.4,219.4,219.4,219.4,260.9,260.9,260.9,260.9,286.9,286.9,286.9,286.9,286.9,271.2,279.4,,315.1,268.5,261,223.3,251,241.4,171.7,229.9,245.8,274.5,304.2,216.8,254.4,244,269.4,284.1,270.4,253.9,248.1,268.1,274.5
1969,186.5,210.4,234.4,229.8,243.7,195.4,233.8,230.8,238.3,220,222.5,221.4,237.4,227.4,211.6,211.6,211.6,211.6,222.8,210.4,282.8,300.1,,253.3,331,280.2,,237.9,245.1,296.1,266.8,299.5,184.4,303.2,228.4,,,313.9,255,,93.9,319.5,196.2,243.1,289.5,,224,196.9,165.9,256,,283.5,243.9,267.3,,,,,,269.8,,,269.8,229.4,249.2,253.8,210.3,265.4,206.9,264.1,211.4,249.1,244.7,226.8,218.6,225.7,313,225.3,225.3,225.3,225.3,225.3,225.3,225.3,225.3,225.3,225.3,225.3,225.3,225.3,225.3,187.4,187.4,187.4,187.4,187.4,187.4,187.4,187.4,187.4,187.4,187.4,214.5,214.5,214.5,214.5,214.5,214.5,214.5,214.5,214.5,214.5,214.5,214.5,214.5,214.5,260.6,260.6,260.6,260.6,275.7,275.7,275.7,275.7,275.7,267.4,277.1,,316.4,268,254.7,214.7,251.1,237.9,174.3,223.2,246.1,274.4,294.9,211.7,256.5,249.9,268.2,286.5,270.6,252.6,246.5,267.2,272.6
1970,187.4,209.7,233.7,229.1,239.1,190.4,233.6,231.1,236.8,223.6,217.5,220.6,235.3,247.3,207.5,207.5,207.5,207.5,222.7,202.6,276.1,298.4,,255.3,327.6,277.9,,239.8,242,289.3,257.3,294.1,155.1,283.8,229.9,,,313.2,253,,100,316.7,196.5,243.3,281.1,,231.2,202.3,165.8,268.9,,284.3,245.3,264.6,,,,,,266,,,266,228.5,252.1,254.7,212.3,265.4,205.6,255.1,209.9,246.2,241.7,225.5,223,228.6,312.3,213.9,213.9,213.9,213.9,213.9,213.9,213.9,213.9,213.9,213.9,213.9,213.9,213.9,213.9,181.7,181.7,181.7,181.7,181.7,181.7,181.7,181.7,181.7,181.7,181.7,211.3,211.3,211.3,211.3,211.3,211.3,211.3,211.3,211.3,211.3,211.3,211.3,211.3,211.3,255.9,255.9,255.9,255.9,263.5,263.5,263.5,263.5,263.5,263.2,273.3,,317.5,268,250.5,213.2,248.8,236.3,176.3,221.6,245.9,274.4,293.2,219.3,257.1,242.8,268.2,289.2,271.3,251.3,245.1,266,269.5
1971,185.3,211.9,231.2,226.7,238.2,191.3,231.1,222.7,235.4,214.1,218.7,218,235.6,243,202.3,202.3,202.3,202.3,220.2,213.3,268.4,296.7,,251.6,326.9,275.1,,234.7,243.2,287.1,269.4,289.9,155.1,285.3,233.1,,,310.8,247,,94.3,315.9,197.5,240.6,280.4,,220,184.8,168.5,271.3,,278.8,247.2,261.7,,,,,,263.8,,,263.8,225.8,250.7,255.4,212.6,277.4,204.7,254.8,208.1,245.5,241,225.1,220.1,226.5,313.2,230,230,230,230,230,230,230,230,230,230,230,230,230,230,186.5,186.5,186.5,186.5,186.5,186.5,186.5,186.5,186.5,186.5,186.5,222.1,222.1,222.1,222.1,222.1,222.1,222.1,222.1,222.1,222.1,222.1,222.1,222.1,222.1,256.3,256.3,256.3,256.3,267.2,267.2,267.2,267.2,267.2,266.4,270.2,265,315.5,267,262.1,231.5,243.7,241.8,167.2,210.4,249.1,273.3,290.7,216.1,251.4,241.4,270.7,290.2,271.1,249.5,242.3,265.9,266.6
1972,180.3,213.5,231.2,226.2,238.1,186.6,223.6,222.1,227.5,207.1,229.9,217.7,236.3,243.8,211.8,211.8,211.8,211.8,218.1,210.7,265.3,297.5,,255.4,324.6,275,,230.1,239.6,283.3,270,286.7,152.7,279.9,232.3,,,307.6,243.4,,93.7,315.9,194.9,237.7,277.9,,217.6,182.6,174.2,270.7,,272,239.4,258.3,,,,,,263.1,,,263.1,224.7,254,254.6,212.4,277.5,204.6,254.7,209.7,243.5,240.3,224.1,223.8,228.7,310.7,221,221,221,221,221,221,221,221,221,221,221,221,221,221,185.6,185.6,185.6,185.6,185.6,185.6,185.6,185.6,185.6,185.6,185.6,220.2,220.2,220.2,220.2,220.2,220.2,220.2,220.2,220.2,220.2,220.2,220.2,220.2,220.2,251.2,251.2,251.2,251.2,260,260,260,260,260,262.8,269.6,209.2,313.8,267.3,263.3,235.6,242.4,241.1,167.6,201.1,246.9,273.6,291,213.7,245.8,247.4,269.9,289.8,270.4,248,240.5,264.6,262.9
1973,177.2,213.8,231.8,226.3,236.3,186.8,224.6,216.7,239.1,210.9,229.7,217.1,236.5,244.6,207,207,207,207,216.6,208.2,258,295.1,,253.4,322.6,277.1,,234.9,239.5,280.3,274.1,282.8,144.7,278.1,233.1,,,303.7,240,,88.8,313,200.3,239.8,275.4,,227.4,176,169.5,264.4,,273.5,241.7,256.8,,,,,,261.2,,,261.2,230.2,251.8,258.9,212.1,277.1,204.6,254.2,211.4,246.3,241.4,218.6,221.2,240.2,310.5,223.5,223.5,223.5,223.5,223.5,223.5,223.5,223.5,223.5,223.5,223.5,223.5,223.5,223.5,185.1,185.1,185.1,185.1,185.1,185.1,185.1,185.1,185.1,185.1,185.1,213.9,213.9,213.9,213.9,213.9,213.9,213.9,213.9,213.9,213.9,213.9,213.9,213.9,213.9,245.7,245.7,245.7,245.7,259.7,259.7,259.7,259.7,259.7,262,267.8,195.4,310.3,267.1,258.6,244.4,246.5,244.4,173.9,199,245.4,271.1,291.9,222.5,246.7,247.2,274.8,288.3,270,247.4,240.5,262.6,261.6
1974,174.7,217.9,229.4,223.8,231.4,184.5,217.7,218.5,228,214.6,223.9,214.1,231.8,243.6,202.3,202.3,202.3,202.3,213.2,197.9,256.7,291.6,,234.6,320.5,277.6,,223.8,235.5,277.3,276.5,281.5,139,278.9,233.2,,,303.6,231.9,,82.5,311.4,200,238.6,268.1,,227.7,175.9,159,270.2,,266.8,233.3,253.5,,,,,,257,,,257,227.3,249.9,257.6,211.8,275.8,206.7,253.2,213.9,241.1,239.5,220.6,222,239.1,311.8,211.4,211.4,211.4,211.4,211.4,211.4,211.4,211.4,211.4,211.4,211.4,211.4,211.4,211.4,187.3,187.3,187.3,187.3,187.3,187.3,187.3,187.3,187.3,187.3,187.3,211.8,211.8,211.8,211.8,211.8,211.8,211.8,211.8,211.8,211.8,211.8,211.8,211.8,211.8,245.7,245.7,245.7,245.7,254.3,254.3,254.3,254.3,254.3,260,266.5,200.4,307,266.5,265.7,241.1,243.2,243.4,170.4,199.7,247.3,271.4,285.1,201.1,239.8,244.4,281.6,286.6,268.1,244.7,237.7,259.3,258.6
1975,176.3,221.2,228.5,223.2,227.2,182.3,209.6,216.5,226.5,213.1,213.2,212.3,235.1,242.5,208.9,208.9,208.9,208.9,210.3,192.5,243.6,283.8,,244.3,319.4,268.4,,224.6,228.5,272.7,283.8,270,136,279.8,234.4,,,297.8,224.9,,83.4,311.6,208.8,237.6,268.2,,230.1,164.8,148,260.8,,266.6,238.4,250.4,,,,,,256.7,,,256.7,229.2,243,258.6,211.5,273.6,206,247.4,220.4,238.6,236.5,220.1,224,245.7,311.8,204.6,204.6,204.6,204.6,204.6,204.6,204.6,204.6,204.6,204.6,204.6,204.6,204.6,204.6,179,179,179,179,179,179,179,179,179,179,179,211.6,211.6,211.6,211.6,211.6,211.6,211.6,211.6,211.6,211.6,211.6,211.6,211.6,211.6,242.7,242.7,242.7,242.7,272.9,272.9,272.9,272.9,272.9,259.6,266.1,213,308,267.5,262.7,230.9,238.6,242,161.6,196,247.2,273.5,283.7,195.7,236.2,238.5,289.5,288.1,267.8,243.8,235.7,259.3,255.5
1976,174.9,220.2,230.1,224.3,227.6,178.2,210,215,239,210.4,217.3,205.1,231.4,241.4,210.4,210.4,210.4,210.4,207.3,202.1,240.6,271,,244.6,319.9,270,,239.6,238.9,272.5,288.3,264.1,133.7,280.6,231.4,,,294.4,226.8,,85.8,311.7,220.1,238.4,266.2,,236.5,168.4,161.2,255.5,,265.3,237,251.7,,,,,,255.1,,,255.1,232.7,242.4,260,211,270.3,199.1,247.1,224.4,239.9,238,218,221.1,248,311.9,206.4,206.4,206.4,206.4,206.4,206.4,206.4,206.4,206.4,206.4,206.4,206.4,206.4,206.4,184.1,184.1,184.1,184.1,184.1,184.1,184.1,184.1,184.1,184.1,184.1,214.7,214.7,214.7,214.7,214.7,214.7,214.7,214.7,214.7,214.7,214.7,214.7,214.7,214.7,247,247,247,247,287.1,287.1,287.1,287.1,287.1,258.7,265.8,193.8,306,267.1,260.7,236.7,237.1,245.4,169.7,193.9,245.3,273.2,283.3,192.8,241.6,238.5,305.4,289.2,266.8,243.9,236.9,257.6,256.7
1977,175.1,220.3,231.7,225.6,228.7,174.1,209.3,214.8,243,209.4,209.6,205.5,231.7,242.2,208.9,208.9,208.9,208.9,205.7,187.5,239.4,265.8,,255.5,318.6,270.5,,223.8,228.7,268.1,295.9,265.8,131.3,276.6,227.6,,,289.3,227.1,,92.5,311.5,189.8,237.3,264.9,,221.6,163.9,147.4,255.2,,263.7,231.4,247.8,,,,,,253,,,253,232.2,247.9,261.8,210.5,264,201.1,247.7,223.4,237.5,237.8,214.5,218.6,243.3,312.8,194.5,194.5,194.5,194.5,194.5,194.5,194.5,194.5,194.5,194.5,194.5,194.5,194.5,194.5,184.5,184.5,184.5,184.5,184.5,184.5,184.5,184.5,184.5,184.5,184.5,212.4,212.4,212.4,212.4,212.4,212.4,212.4,212.4,212.4,212.4,212.4,212.4,212.4,212.4,246.8,246.8,246.8,246.8,297.4,297.4,297.4,297.4,297.4,255.8,266,197.3,306.8,267.5,259.4,217,237.7,249.1,173.1,191.7,249.8,273.2,281.9,192.1,240.8,242.6,304.7,290.6,267.7,243.1,236,256.1,252.5
1978,167.4,220.3,228.9,222.3,223.4,170.5,210.1,208.4,237,207.9,194.2,204.6,224.2,240.4,213,213,213,213,201.5,188.9,238.4,268.5,,261.1,317.8,274.3,,227.4,220.8,253.9,282.7,263.8,134,278.9,221,,,289,205.5,,87.5,310.9,189.4,239,265.5,,214.5,165.2,151.1,254.7,,255.7,231.7,240.5,,,,,,250.2,,,250.2,231,214,262.7,210.2,254.6,201.3,246.4,222.1,232.3,234.8,216.5,215.5,244.5,311.2,195.7,195.7,195.7,195.7,195.7,195.7,195.7,195.7,195.7,195.7,195.7,195.7,195.7,195.7,192.7,192.7,192.7,192.7,192.7,192.7,192.7,192.7,192.7,192.7,192.7,219,219,219,219,219,219,219,219,219,219,219,219,219,219,246.8,246.8,246.8,246.8,171.8,171.8,171.8,171.8,171.8,254.1,266.1,199.1,306.8,268,249,214.5,219.5,239.5,165.6,187.8,248.2,270.4,272,194.3,233.2,250.7,298.8,292.1,260.9,238.5,229.9,254,244.9
1979,165,217.5,230.6,223.4,220.3,164.9,210.7,205.9,239.9,207.5,183.4,205.3,219.3,239.9,214.9,214.9,214.9,214.9,198.3,186.4,240.9,267.6,,260.7,316.2,277,,217.9,219.8,252.3,267.2,263,127.7,276.8,220.9,,,291.2,206.1,,85.4,310.8,190.8,241.1,262.9,,213.5,171.1,145.9,251.2,,254.8,232,239.4,,,,,,248.3,,,248.3,233.8,208.6,263.9,209.6,248.2,187.5,248.1,225.6,230.2,234.6,216.3,217.6,245.1,314.3,191.5,191.5,191.5,191.5,191.5,191.5,191.5,191.5,191.5,191.5,191.5,191.5,191.5,191.5,192.7,192.7,192.7,192.7,192.7,192.7,192.7,192.7,192.7,192.7,192.7,208.1,208.1,208.1,208.1,208.1,208.1,208.1,208.1,208.1,208.1,208.1,208.1,208.1,208.1,218.9,218.9,218.9,218.9,179.3,179.3,179.3,179.3,179.3,250,266.1,198.6,306.2,267.3,252.2,217.4,217.1,239.8,153,187,245.4,270.2,270.5,192.9,227.8,246.8,294.8,291.2,259.6,237.9,229.8,252.1,243.9
1980,165.6,219.3,231,223.4,213.3,161.1,209.3,201.3,236.8,208.8,178.8,210.2,211.9,238.2,197.9,197.9,197.9,197.9,196,183.3,240.7,266.1,,261.3,314.6,284.1,,219,211.8,254.7,264,258.2,119.3,273,223.4,,,292.8,207.6,,82.8,311.6,207,239.2,260,,236.3,159.6,138.6,251.9,,255,226.7,239.8,,,,,,244.5,,,244.5,234.9,237.7,249.2,229,231,178.7,233.2,239.4,230.1,232.6,217.5,217.3,246.7,318.8,198.6,198.6,198.6,198.6,198.6,198.6,198.6,198.6,198.6,198.6,198.6,198.6,198.6,198.6,192.4,192.4,192.4,192.4,192.4,192.4,192.4,192.4,192.4,192.4,192.4,215.2,215.2,215.2,215.2,215.2,215.2,215.2,215.2,215.2,215.2,215.2,215.2,215.2,215.2,230.4,230.4,230.4,230.4,181.6,181.6,181.6,181.6,181.6,254.4,266.5,200.7,302.9,267.8,256.8,224.5,216.9,239.4,148,181.7,238.2,270.2,272.2,195.9,234.7,257.5,277.3,292.1,259.7,237.5,230,249.9,244.7
1981,160.1,211.5,230.6,222.1,210.7,157.3,208,202.4,233.8,203.8,189.3,210.8,208.1,237.2,203,203,203,203,194.7,178.1,240.8,259.1,,258,315.5,281.6,,183.8,195.1,254.7,268.5,255.7,116.8,270.3,222.8,,,289.5,210.6,,74.3,311.1,225.9,238.5,257.9,,238.3,143.8,131.4,248.1,,252.9,242.2,235.9,,,,,,241.8,,,241.8,238.9,242.6,250.6,234.2,226,174.1,220.3,236.6,229.2,230,215.3,219.5,252.6,319.7,192.4,192.4,192.4,192.4,192.4,192.4,192.4,192.4,192.4,192.4,192.4,192.4,192.4,192.4,192.6,192.6,192.6,192.6,192.6,192.6,192.6,192.6,192.6,192.6,192.6,212,212,212,212,212,212,212,212,212,212,212,212,212,212,230.3,230.3,230.3,230.3,194.1,194.1,194.1,194.1,194.1,255.9,266.3,203.2,302.3,268.4,253.9,229.5,218.5,242.5,144.9,180,228.2,270.6,271.2,200.8,220.9,248,281.4,292,259.2,235.6,227.8,248,240.8
1982,160.7,212.8,228.2,220,206.5,150.4,193.8,200.8,231.7,201.5,166.8,208.1,208.8,237.5,197.7,197.7,197.7,197.7,188.7,175.3,237.3,257.6,,260.3,315.1,287,,180.3,191.9,253.8,264.8,255,104.3,268.2,225.2,,,289.6,220.4,,72.1,312.2,209.5,237.7,256.7,,234.8,140.9,127,249.6,,248.6,240.7,235.2,,,,,,240.5,,,240.5,238.6,242,253.9,239.7,238.8,157.3,222,237.6,230.3,230.4,218.8,221.1,258.3,326.6,188.5,188.5,188.5,188.5,188.5,188.5,188.5,188.5,188.5,188.5,188.5,188.5,188.5,188.5,184,184,184,184,184,184,184,184,184,184,184,215.4,215.4,215.4,215.4,215.4,215.4,215.4,215.4,215.4,215.4,215.4,215.4,215.4,215.4,233.1,233.1,233.1,233.1,198.4,198.4,198.4,198.4,198.4,259.9,267.6,193.6,302.3,276,257.5,231.3,214.8,240.1,151.8,175.7,226.5,269.7,271.8,205.9,212,239.8,283.5,293.2,259.4,234.7,226.3,247.3,240.2
1983,154.5,211.7,227.9,219.1,202.5,142.9,190.6,203.3,218.6,197.4,154.6,205.9,205.7,236.2,180.4,180.4,180.4,180.4,183.6,174.1,219.6,252.8,,259.4,314.2,286.1,,176.4,180.3,253.9,274.4,247.4,102.7,268.9,219.2,,,288.7,214.5,,65.6,311.6,210.3,241.8,255.1,,232.5,125.4,133.5,258.1,,245.5,240.5,231.3,,,,,,238.2,,,238.2,238.9,246.4,257.4,242,230.2,155.5,223.9,238.7,231.3,231.9,217.9,223.9,261.3,330,191.2,191.2,191.2,191.2,191.2,191.2,191.2,191.2,191.2,191.2,191.2,191.2,191.2,191.2,187.3,187.3,187.3,187.3,187.3,187.3,187.3,187.3,187.3,187.3,187.3,226.5,226.5,226.5,226.5,226.5,226.5,226.5,226.5,226.5,226.5,226.5,226.5,226.5,226.5,232.5,232.5,232.5,232.5,192.2,192.2,192.2,192.2,192.2,262.6,266.5,186.7,302,285.1,261.1,222.7,212.1,238.4,147.1,176.3,222.1,270,262.3,220.2,206.4,241,287.1,293.4,258.6,233,223.9,246.3,236.2
1984,152.5,210.4,226.4,217.4,196.2,138.8,193.6,199,207.9,194.7,142.4,202.3,198.3,236.6,176.4,176.4,176.4,176.4,179.2,181.8,217.8,251.4,,256.1,310.8,286.2,,179.5,168,249.8,272.7,245.6,104.5,267.6,217.3,,,291.5,213,,64.8,312,194.6,240.3,253.7,,218.8,115.1,135.4,257.4,,235.3,243.3,226.6,,,,,,233.6,,,233.6,239.1,245.4,263.7,239.6,230.2,161.1,219.3,236.1,231.9,230.2,219,223.1,262.5,324.4,190.5,190.5,190.5,190.5,190.5,190.5,190.5,190.5,190.5,190.5,190.5,190.5,190.5,190.5,176.6,176.6,176.6,176.6,176.6,176.6,176.6,176.6,176.6,176.6,176.6,226.3,226.3,226.3,226.3,226.3,226.3,226.3,226.3,226.3,226.3,226.3,226.3,226.3,226.3,234.9,234.9,234.9,234.9,190.9,190.9,190.9,190.9,190.9,262.6,267,175.5,303.4,289.2,258.8,217.9,215.4,229.2,140.5,177.8,211,263.8,262.6,188.3,197.6,239.1,282.6,293.9,259.1,230.5,221.4,243.8,230.9
1985,146.1,207.1,227.5,217.2,191.5,135.9,187.4,197.3,212.4,189.8,142.1,200.1,193.9,235.8,160.1,160.1,160.1,160.1,174.9,176.6,210.7,252.8,,263.4,307.3,287.8,324.7,188.9,160.2,244.4,273.3,238.8,105.6,270.2,217.5,238.5,207.9,291.4,210,,68.8,312.2,184.5,242.1,245.2,,212.5,117.4,130.4,261.5,250.2,240,240.2,227.8,214.8,219.6,290.8,228.2,232,,210.5,212.4,230.6,239.4,245,264.3,239.9,226.3,165.9,221.4,237,224.9,230.6,219.7,223.5,263.3,325,190.3,190.3,190.3,190.3,190.3,190.3,190.3,190.3,190.3,190.3,190.3,190.3,190.3,190.3,176.1,176.1,176.1,176.1,176.1,176.1,176.1,176.1,176.1,176.1,176.1,219.4,219.4,219.4,219.4,219.4,219.4,219.4,219.4,219.4,219.4,219.4,219.4,219.4,219.4,229.1,229.1,229.1,229.1,196.5,196.5,196.5,196.5,196.5,261.2,266.2,184.5,296.8,293.4,259.7,208.8,209,225.1,141.8,180.9,206,261.7,255.3,174.1,182,243,287,291.9,254.9,229.3,219.9,242.8,228.7
1986,141.5,210.1,226.7,216.2,199.4,138.1,184.9,189.4,206,188.8,148.2,197,187.3,233.8,122.6,122.6,122.6,122.6,173.8,173.6,203.3,256.6,,261.5,301,285.7,326.4,186.2,151.6,244.5,272.3,235.1,103.3,266.8,216.6,237.5,202,287.9,202.6,,76.3,311.4,196.2,244.5,235.6,,210.7,120.5,133.3,260.4,251.7,240.9,237,226.4,214.6,219.5,290.6,228.2,220.3,,212,219.6,230.7,238.9,244.4,265.9,237.3,223.7,171.2,202.4,237,223.1,224,219.8,223.2,263.4,321.7,197.8,197.8,197.8,197.8,197.8,197.8,197.8,197.8,197.8,197.8,197.8,197.8,197.8,197.8,172.3,172.3,172.3,172.3,172.3,172.3,172.3,172.3,172.3,172.3,172.3,210.8,210.8,210.8,210.8,210.8,210.8,210.8,210.8,210.8,210.8,210.8,210.8,210.8,210.8,226.9,226.9,226.9,226.9,207.3,207.3,207.3,207.3,207.3,259.2,266.5,185.6,295.9,295.6,259.7,207.5,206.4,214.1,138.1,185.6,204.9,262.8,243.5,165.4,192.5,236.3,285.8,289.6,253.7,228.2,218.3,242,226.5
1987,141.3,211.7,226.5,216.1,199.6,138.2,182.3,192.5,200.8,189.4,137.1,189.1,188.9,235.3,106.7,106.7,106.7,106.7,172.2,167.6,200,254.3,,265.5,292.3,284.2,325.6,186.3,145.9,241.1,277.6,228.9,103.8,273.9,219.2,227.2,206.8,278.3,207.1,,70.6,312,195.8,246.6,234.9,,210,107.8,127,248.8,249.3,242.7,228.6,224.2,213.3,217.2,289.8,226.7,220.3,,207.4,215.8,229.1,236.7,232.9,264,239.3,224.2,172.3,202.3,236.1,226.3,223.3,219.9,224,262.4,324.3,208.3,208.3,208.3,208.3,208.3,208.3,208.3,208.3,208.3,208.3,208.3,208.3,208.3,208.3,173.2,173.2,173.2,173.2,173.2,173.2,173.2,173.2,173.2,173.2,173.2,211.5,211.5,211.5,211.5,211.5,211.5,211.5,211.5,211.5,211.5,211.5,211.5,211.5,211.5,218.7,218.7,218.7,218.7,206.3,206.3,206.3,206.3,206.3,260.2,267.4,183.9,295.2,299.8,264.6,213.8,204,212.7,140.2,185,217.5,258.3,231.6,185.6,189.7,243.6,287.1,286.9,253.7,227.3,217.1,241.5,224.9
1988,145.9,211.1,226.6,216.7,205.5,135.5,193,185.1,207.6,192,130.6,186,184.5,233.1,112.5,112.5,112.5,112.5,171,165.6,199.5,245.2,,261.6,291.5,281.1,322.8,185,142.7,236.9,280.8,222.2,103.1,269.3,217.2,229.7,193.9,278.2,212.5,,67.6,311,182.4,244.8,236.2,,194.5,103.4,125.5,221.9,240.9,239.5,229.6,219.8,213,215.7,288.6,225.1,219.8,,208.5,200,227.2,235.8,231.2,262.8,235.2,222.8,162.1,199,238.8,227.3,222.2,219,224,261.3,317.5,205.8,205.8,205.8,205.8,205.8,205.8,205.8,205.8,205.8,205.8,205.8,205.8,205.8,205.8,176,176,176,176,176,176,176,176,176,176,176,211.8,211.8,211.8,211.8,211.8,211.8,211.8,211.8,211.8,211.8,211.8,211.8,211.8,211.8,218.3,218.3,218.3,218.3,214.1,214.1,214.1,214.1,214.1,258.3,267.7,169,294.8,300.7,262,213.4,206.6,212.9,139.2,186.7,216.8,259.9,236.3,173.9,203.2,244.8,280.2,284.9,254.4,226.3,216.2,240.1,221.4
1989,151,210.7,225.3,216.2,207.4,135.5,211,185,203.9,186.6,128.1,189.4,180.8,236.1,104.7,104.7,104.7,104.7,171.8,165.5,202.3,248,,259,291.2,275.9,323.3,185.5,145.2,236.4,283.7,216.8,106.9,267.8,221.8,222.8,183.4,281.3,212.2,,64.4,310.8,211,246,216.7,,204.6,101.7,129.8,251,239.5,235.3,229.7,220,211.7,214.2,285.4,224.1,219.7,,209.9,206.9,226.4,236.1,232.4,264.9,233,225.1,162.8,197,236.2,224.7,222,219.3,223.9,260.2,314.2,208.1,208.1,208.1,208.1,208.1,208.1,208.1,208.1,208.1,208.1,208.1,208.1,208.1,208.1,166.2,166.2,166.2,166.2,166.2,166.2,166.2,166.2,166.2,166.2,166.2,208,208,208,208,208,208,208,208,208,208,208,208,208,208,215.1,215.1,215.1,215.1,218.6,218.6,218.6,218.6,218.6,254.3,267.9,169.4,293.5,299.6,262,210.5,205,219.4,136.5,191.2,215.8,261.7,229.5,165.4,209.7,245,252.4,284.2,253.4,226,216,239.7,221.4
1990,149,211.2,220.9,212.5,197.6,132,206.2,170.1,207.4,185.9,138.7,188,181,237.8,92.1,92.1,92.1,92.1,167.7,176.2,204.9,230.2,213.2,257.9,284.6,276.8,318.1,180.7,139.7,241.1,283.9,220.6,107.1,264.8,217.3,215.3,179.6,277.9,210.8,296.3,61.2,308.7,199,243.1,221.7,194.2,202.3,101.4,133.3,244.2,238.9,237.8,248,218.3,209,211.7,280.4,222.5,228.7,,203.7,205.9,224.6,226,229.2,263.1,232.4,231,164.9,217.9,237,225.5,225.1,207.5,222.8,258.3,315.7,210.5,210.5,210.5,210.5,210.5,210.5,210.5,210.5,210.5,210.5,210.5,210.5,210.5,210.5,166.9,166.9,166.9,166.9,166.9,166.9,166.9,166.9,166.9,166.9,166.9,208,208,208,208,208,208,208,208,208,208,208,208,208,208,215.4,215.4,215.4,215.4,248,248,248,248,248,254,266.9,173.1,291.5,296.2,263,221.9,210.9,228.6,144,191.2,219.2,255,221.7,162.3,202.7,248.8,235.6,280.8,253.2,224.4,213.6,238.9,218.6
1991,142.9,210.4,219.1,210.2,198.8,133.2,190,173.9,211.6,178.7,130.9,177.2,187.2,231.4,91,91,91,91,165.1,182.1,204.9,229.6,176.6,263.4,288.3,281.7,316.6,174.5,139.8,237.8,280.2,218.8,104,260.9,212.3,222.3,183.5,275.3,215.2,291.6,62.5,311.2,206.4,230.5,219.1,182.4,200.7,94.7,132.5,245.1,236.5,236.9,234.3,215.5,208,215.2,278,219,230.4,,204.3,197.2,221.6,230.6,236.5,262.9,254.3,241.5,161.3,218.1,238.3,228.1,227.6,209.2,221.5,257.8,312.6,203.5,203.5,203.5,203.5,203.5,203.5,203.5,203.5,203.5,203.5,203.5,203.5,203.5,203.5,161.2,161.2,161.2,161.2,161.2,161.2,161.2,161.2,161.2,161.2,161.2,202.5,202.5,202.5,202.5,202.5,202.5,202.5,202.5,202.5,202.5,202.5,202.5,202.5,202.5,217.7,217.7,217.7,217.7,243.3,243.3,243.3,243.3,243.3,251.4,268.8,169.1,293.2,298.1,263,220.5,209,226.2,143.7,191.8,223.3,255.7,219.5,166.4,207.1,250.7,226.3,281,253.5,222.9,211.7,238,216
1992,143.8,209,219.4,210.5,196.4,133.7,175.3,196.5,213.4,189,144.2,181.1,194.5,239.9,93.9,93.9,93.9,93.9,167.7,169.8,201.2,237.2,181.7,264.9,283.5,275.5,332.6,168.7,134.8,231.2,284.3,214.7,104.8,260.4,211.4,227.1,159.7,273.7,213.2,290.7,62.8,311.9,222.5,228.1,216,191.4,209.1,97.1,131.8,240.1,238.3,231.8,235.3,212.3,205.9,211.3,279.3,217.5,229.1,,204.4,181.2,220.2,225.5,233.9,262.9,242.1,237.7,162.9,212.5,239.9,226.3,223.7,207.9,220.3,259,318.8,208.4,208.4,208.4,208.4,208.4,208.4,208.4,208.4,208.4,208.4,208.4,208.4,208.4,208.4,156.7,156.7,156.7,156.7,156.7,156.7,156.7,156.7,156.7,156.7,156.7,207.2,207.2,207.2,207.2,207.2,207.2,207.2,207.2,207.2,207.2,207.2,207.2,207.2,207.2,221.6,221.6,221.6,221.6,250.8,250.8,250.8,250.8,250.8,254.3,268.3,168.7,292.6,295.1,264.6,220.4,208.7,226.6,151.7,195.5,232,255.7,212.7,181,209.9,251.2,217.9,276,253.3,222.2,210.3,238.4,212.5
1993,139.2,210.9,219.8,210.4,189.9,134.4,176.8,187.4,206.3,180,138,178.7,193.6,243,90.6,90.6,90.6,90.6,165.4,168.4,201.3,231,186.6,265,280.5,274.6,331.1,172.6,128.6,230.3,284.5,207.4,104.9,258.5,212.5,221.2,161.4,274.4,216.6,300,62.7,311.3,212.7,229.3,207.2,197.2,202.9,97.3,125.1,228.4,233.6,223.8,237,208.8,223.6,222.3,279.3,213.4,218.6,,205.8,156.3,216.8,228.7,238.2,261.9,231.4,236.4,164.7,212.4,239.6,224.6,224.7,208.5,216.8,265.7,321.6,212.6,212.6,212.6,212.6,212.6,212.6,212.6,212.6,212.6,212.6,212.6,212.6,212.6,212.6,161.5,161.5,161.5,161.5,161.5,161.5,161.5,161.5,161.5,161.5,161.5,208.2,208.2,208.2,208.2,208.2,208.2,208.2,208.2,208.2,208.2,208.2,208.2,208.2,208.2,216.9,216.9,216.9,216.9,253,253,253,253,253,255.4,267,165.8,293.5,296.9,266.6,222.3,204.8,219.8,145.3,194.6,230.3,254.7,213.8,162.3,216,249.4,213.9,272.5,253.3,221.3,208.8,238.4,209.9
1994,138.7,216,219.1,209.8,186.6,133.5,183.2,184.1,204.1,179,123.7,179.2,199.9,245.8,90.1,90.1,90.1,90.1,164.7,170.8,196.5,225.8,172.2,265.8,276.5,275.4,324.9,182.8,125.6,227.6,284,203.7,104.7,255.9,211.4,209.9,176.1,270.9,216,298.7,68.7,308.7,207.8,234.6,195.5,187.3,200.7,102.1,122.6,233.5,227.8,221.3,216.9,206.2,222.1,222.9,290,213.1,217.4,,195.8,131.8,216.2,229.1,239.6,260.3,235.1,232.2,166.3,215.1,238.2,224.3,225.7,208.1,214.8,261.7,318.5,211.1,211.1,211.1,211.1,211.1,211.1,211.1,211.1,211.1,211.1,211.1,211.1,211.1,211.1,162.8,162.8,162.8,162.8,162.8,162.8,162.8,162.8,162.8,162.8,162.8,209.4,209.4,209.4,209.4,209.4,209.4,209.4,209.4,209.4,209.4,209.4,209.4,209.4,209.4,221.4,221.4,221.4,221.4,263.6,263.6,263.6,263.6,263.6,254.9,266.2,163.9,291.4,288.1,264.3,222.6,208.6,222.6,142.3,197.4,227.7,256.5,214.1,163.9,213,249.4,213.7,267,253,220.7,208.4,237.9,207.9
1995,140.9,210.4,215.8,207.1,185.1,134.9,185.3,182.7,212,184.7,126.6,178.5,204.9,239.6,91.4,91.4,91.4,91.4,164.4,170.1,193.1,217.6,174,267.2,268.4,268.9,325.4,179,125.2,224.6,280.6,202.2,103.4,256.9,213.1,207.3,146.3,256.7,214.1,296.1,64.9,308,219.5,231.3,195.9,189.4,204.5,96.9,121.8,228.8,228.5,219.5,222.8,204.7,223.6,213.5,282.8,210.9,219.3,,191.9,125,213.3,225.7,237.4,259,228.9,231.5,167.6,214.2,236.5,225.4,224.4,208.1,214.5,265.3,314.4,210.2,210.2,210.2,210.2,210.2,210.2,210.2,210.2,210.2,210.2,210.2,210.2,210.2,210.2,155.6,155.6,155.6,155.6,155.6,155.6,155.6,155.6,155.6,155.6,155.6,207.5,207.5,207.5,207.5,207.5,207.5,207.5,207.5,207.5,207.5,207.5,207.5,207.5,207.5,220.4,220.4,220.4,220.4,250.3,250.3,250.3,250.3,250.3,252.9,267.4,170.2,291.5,289,262.5,223,203.2,218.3,139.4,198.5,231.4,253.5,212.7,163.2,215.2,250.1,218.5,261.4,251.3,218.9,205.9,237.2,206.3
1996,139.9,211.8,216,207.2,188.3,137.5,196.8,174.2,210.7,187.5,117,170.7,198,234.7,89.8,89.8,89.8,89.8,163.6,174.7,193.5,211.5,162.8,267.4,264.9,273.3,324,188.8,126.2,223.6,277.2,202.2,108.1,255.3,210.6,223.6,139.2,256,216.1,291,76.5,305.1,203.3,230.1,195,190,194.3,107.8,130.6,228.2,212.9,217.1,214.3,203.4,222.7,213.5,282.7,211.8,216.1,,191.3,120.6,213.2,220.2,238.2,261.8,228.7,229.4,167.7,211,234.3,226.3,222.6,207.6,216.6,258.7,313.8,209.3,209.3,209.3,209.3,209.3,209.3,209.3,209.3,209.3,209.3,209.3,209.3,209.3,209.3,156.7,156.7,156.7,156.7,156.7,156.7,156.7,156.7,156.7,156.7,156.7,207.3,207.3,207.3,207.3,207.3,207.3,207.3,207.3,207.3,207.3,207.3,207.3,207.3,207.3,224,224,224,224,252.7,252.7,252.7,252.7,252.7,252.6,268.5,164.4,290.7,275.3,264.9,220.9,202.9,221.8,141,195.7,231.7,250.7,213.7,192.8,216.4,247.1,218.2,258.1,251.1,218.6,206.2,236.3,205.4
1997,143.1,217.5,217.4,209,180.8,136.3,198.4,184.1,215.9,188.1,107.2,172,202.1,235.6,83.8,83.8,83.8,83.8,162.9,172.7,189.8,220.1,179.9,265.9,264.3,263.7,324.3,181.5,124.1,219.9,279.8,201,102.2,256.2,210,201.5,143.5,250.4,217.7,288.3,75.5,304.2,202.5,221.3,191.9,192.6,198.6,95.9,127.2,230.2,212,213.5,226.4,201.3,221.5,214.1,283.5,209.8,219.2,,189.9,124.9,211.3,221,241.9,265.1,227,224.3,167.4,210.8,233.5,222.1,222.7,207.6,217.2,255.7,313.6,209.8,209.8,209.8,209.8,209.8,209.8,209.8,209.8,209.8,209.8,209.8,209.8,209.8,209.8,162.6,162.6,162.6,162.6,162.6,162.6,162.6,162.6,162.6,162.6,162.6,209.1,209.1,209.1,209.1,209.1,209.1,209.1,209.1,209.1,209.1,209.1,209.1,209.1,209.1,220.5,220.5,220.5,220.5,260.6,260.6,260.6,260.6,260.6,253,270.1,176.8,288,268.4,264,228,199.1,221.1,149.4,204.6,236,248.1,206.1,195.3,221,243.7,229.1,260.9,248.8,218,205.7,235.5,203
1998,149.3,219.4,217.6,210.1,183,136.4,202.6,185.4,214.4,184.5,100.5,175.8,209.3,234.3,82.8,82.8,82.8,82.8,163.9,170.7,191.5,220,193.3,263.2,260.5,256.6,320.6,168.3,129.2,219.4,278.6,200.4,94.7,255.2,211.3,179.7,139.7,243.5,217,294.3,74.5,299.8,206.4,214.1,188,185.5,197.1,99,128,226.8,212.9,211.6,230.5,200.1,220.6,213.4,284.7,207.6,219.4,,197.8,125.7,209.8,218.6,236.4,263.9,222.5,223.2,168.8,211.6,232.6,219.9,220.6,208.9,216.9,262.5,312.6,195.6,195.6,195.6,195.6,195.6,195.6,195.6,195.6,195.6,195.6,195.6,195.6,195.6,195.6,157.2,157.2,157.2,157.2,157.2,157.2,157.2,157.2,157.2,157.2,157.2,216.4,216.4,216.4,216.4,216.4,216.4,216.4,216.4,216.4,216.4,216.4,216.4,216.4,216.4,220,220,220,220,255.8,255.8,255.8,255.8,255.8,251,271.5,168.6,287.3,272.8,260.7,230.1,198.3,218.3,143.7,196.5,235,241.9,192.6,191.7,223.9,241.1,230.9,258.4,247.4,217.3,205.4,234.2,201.8
1999,146.4,214.7,215.7,207.9,186.9,135.4,201.1,174,206,183,109.1,175.1,199.6,225,89.5,89.5,89.5,89.5,161.8,165.1,183.9,214.7,184.3,262.8,254.5,251,319.9,170.4,126.8,216.7,274.6,204.6,87.8,254,206.1,193.7,145,244,216.7,282.2,72,299.2,220.6,206.7,182.4,182.2,208.1,97.2,121.2,233.5,213,209.1,217.8,198.1,216.6,209.9,281.3,205.1,221.9,,194.8,107.4,206.7,218.7,234.5,262.1,224.4,227.2,170.2,211.6,231.4,221.3,220.2,206.9,213,266.2,312.9,191.6,191.6,191.6,191.6,191.6,191.6,191.6,191.6,191.6,191.6,191.6,191.6,191.6,191.6,161.7,161.7,161.7,161.7,161.7,161.7,161.7,161.7,161.7,161.7,161.7,215.4,215.4,215.4,215.4,215.4,215.4,215.4,215.4,215.4,215.4,215.4,215.4,215.4,215.4,219.7,219.7,219.7,219.7,244.7,244.7,244.7,244.7,244.7,250.1,272.8,172.6,289.1,266,258.7,227.8,200.2,217.6,148.7,200.4,224.5,241.3,192.8,193.1,230.2,235.8,218.4,260.6,248.1,216.3,204,233.7,199.8
2000,148.3,217.3,217.2,209.5,181.9,135.1,183.7,178.3,197.2,178.7,111.1,173.9,200.2,233,78.6,78.6,78.6,78.6,160.8,165.9,184.9,201.2,183.1,263.6,262.3,244.6,319.4,167.5,124.3,215,275.3,198,86.9,252.7,207,186.5,140.5,243.1,215,285.1,61.2,294.7,211,212.9,167.9,180.3,203.8,93.1,121.2,239.4,212.3,213,233.1,197.2,216.5,199.7,274.8,202.4,224.5,,201.1,102.2,204.1,219.5,247.9,264.7,223.5,221.6,167.1,208.4,230.9,220.7,220.6,208.7,209.9,269.2,313.8,187.2,187.2,187.2,187.2,187.2,187.2,187.2,187.2,187.2,187.2,187.2,187.2,187.2,187.2,158.3,158.3,158.3,158.3,158.3,158.3,158.3,158.3,158.3,158.3,158.3,209.8,209.8,209.8,209.8,209.8,209.8,209.8,209.8,209.8,209.8,209.8,209.8,209.8,209.8,218.1,218.1,218.1,218.1,243,243,243,243,243,248,272.7,172.9,285,270.4,258.8,227.5,201.5,215.3,144.4,203.7,223.3,241.8,194.4,212.7,227.1,228.5,224,261.1,246.7,216.1,204.4,232.2,198.7
2001,151.4,219.1,219,211.4,170.9,142,174.2,174.6,200.3,169.6,109.5,179.7,208.1,244.1,82.3,82.3,82.3,82.3,164.1,171.7,186.6,208.2,183.8,264.3,258.6,244.6,315.8,177.2,123.4,215.5,278.5,198.4,82,253.6,205.3,192,133.7,243.7,216.4,304.9,72.2,294.9,204.5,215.4,175.5,180.9,198,88.9,121.7,238.2,211.1,214.8,235.9,197.2,206.7,195.6,282.9,201.1,218.8,,200.5,104.4,203.5,217.7,249,268.7,223.7,222.1,167.8,201.9,229.6,222.7,218.6,208.9,212.1,271.2,316.3,183.8,183.8,183.8,183.8,183.8,183.8,183.8,183.8,183.8,183.8,183.8,183.8,183.8,183.8,163.1,163.1,163.1,163.1,163.1,163.1,163.1,163.1,163.1,163.1,163.1,207.4,207.4,207.4,207.4,207.4,207.4,207.4,207.4,207.4,207.4,207.4,207.4,207.4,207.4,217.9,217.9,217.9,217.9,244,244,244,244,244,247.6,272,178.1,282.8,280.7,259.7,232.4,202.4,217.3,155.7,201.2,229.5,233.7,195.3,214.3,218.2,225.2,217,261.1,246.8,216.9,205.3,232.4,198.4
2002,149.9,223.8,216.7,209.5,170.6,138.8,173,167.4,197.4,170.3,114.5,182,205.8,238.7,79.8,79.8,79.8,79.8,161.8,174.2,184.5,204.8,194.1,263.2,249,241.6,317.3,184.3,123.6,215.3,275.7,197.8,82.1,251.4,208.1,195,120.1,240.3,216.4,293.5,68.2,294.7,216.2,214.8,171.8,184.9,207,95.8,124.1,230.6,212.1,212.3,239.2,197.8,207.1,190.6,282,201.9,224.8,,197.6,106.2,203.8,216.4,247.5,270.5,226.3,223.9,174.7,199.3,224.1,220.6,216.6,210.8,201.6,272.3,316.2,178.9,178.9,178.9,178.9,178.9,178.9,178.9,178.9,178.9,178.9,178.9,178.9,178.9,178.9,165.2,165.2,165.2,165.2,165.2,165.2,165.2,165.2,165.2,165.2,165.2,206.6,206.6,206.6,206.6,206.6,206.6,206.6,206.6,206.6,206.6,206.6,206.6,206.6,206.6,224.1,224.1,224.1,224.1,240.5,240.5,240.5,240.5,240.5,244.3,271.6,185,283.3,276,261.5,230.9,203.8,219.2,149.6,198.5,224.9,226.3,194.1,222.6,218.7,221.8,221.8,258.8,247.9,217,204.7,232.9,199.2
2003,152.5,222.7,218.5,211.2,172.7,135.1,174,167.6,195,167.3,116.1,175.9,206,243.2,82.2,82.2,82.2,82.2,159.8,186,187,214.7,197.9,264.7,241.9,244.9,322.6,193,124.6,216.2,270.3,205.1,82.8,256,209.7,196.6,116.2,241.1,214.4,283.6,80.2,293.6,199.9,223.9,179.9,186.3,200.6,107.1,123.4,231.1,211,213.1,242.7,199.5,206.7,187.1,282.7,201.6,220.8,,196.4,101.8,203.8,214.6,247,270,229.9,222,168.4,200.5,225.3,221.2,216.2,210.6,204.8,266.6,318.2,175.3,175.3,175.3,175.3,175.3,175.3,175.3,175.3,175.3,175.3,175.3,175.3,175.3,175.3,170.2,170.2,170.2,170.2,170.2,170.2,170.2,170.2,170.2,170.2,170.2,206,206,206,206,206,206,206,206,206,206,206,206,206,206,220.3,220.3,220.3,220.3,240.4,240.4,240.4,240.4,240.4,246.1,272.6,180.9,286.9,283.5,262.5,240,211.5,222.9,165.1,192.4,224.1,222.1,191.9,215.6,217.5,216.8,224.8,256.3,252.8,220,206.8,236,200.5
2004,149,221.3,218.1,210.4,178,134.9,180.4,163.2,204.8,177.3,111.2,173.9,204.7,247.2,89.6,89.6,89.6,89.6,161.2,179.8,184.8,213.1,184.3,265.1,237.7,234.3,317.3,179,124.2,212.8,270.3,199.2,84.1,253.9,213.1,188,120.1,241.6,213,278.6,79.8,290.2,210.5,219.4,179.6,178.6,205.7,96.1,125.3,223.9,200,214,236.4,197.4,201.1,190.2,286.1,199.3,221,,203.3,105.6,202.6,211.2,246.5,268.8,232.1,222.7,168.8,199.9,226.2,222.3,214.9,212.5,203.5,270.7,320.3,182.1,182.1,182.1,182.1,182.1,182.1,182.1,182.1,182.1,182.1,182.1,182.1,182.1,182.1,169.5,169.5,169.5,169.5,169.5,169.5,169.5,169.5,169.5,169.5,169.5,204.8,204.8,204.8,204.8,204.8,204.8,204.8,204.8,204.8,204.8,204.8,204.8,204.8,204.8,216.6,216.6,216.6,216.6,243.4,243.4,243.4,243.4,243.4,248,273.4,187.7,288.6,278.7,256.7,235.9,206.4,224.2,155.5,190.9,224.2,222.4,192.6,218.2,216.5,219,237.6,255,254.1,220.4,205.5,237.4,199
2005,147.7,221.8,219.2,211.3,178,134.1,177.4,159.6,211.1,176.5,104.1,172.2,202.3,247.2,89.4,89.4,89.4,89.4,160,179.3,181.6,204.9,190.9,266.2,238.6,231,313.4,167.1,125.1,210,270.1,187.4,83.9,254.8,213.5,187.3,141.6,243.6,210.2,280.9,68.3,289,218.9,210.4,174.5,180.7,211.4,91.7,133.4,227.1,195.9,213.9,232.5,196.3,201.6,194.6,281.8,196.3,221.1,,197.9,107.8,200,211.2,245.9,266.7,232.5,205.9,169.3,197.6,226.1,226.8,213.9,210.1,208.9,272.8,324.7,181.3,181.3,181.3,181.3,181.3,181.3,181.3,181.3,181.3,181.3,181.3,181.3,181.3,181.3,166.7,166.7,166.7,166.7,166.7,166.7,166.7,166.7,166.7,166.7,166.7,207.1,207.1,207.1,207.1,207.1,207.1,207.1,207.1,207.1,207.1,207.1,207.1,207.1,207.1,216.9,216.9,216.9,216.9,238.4,238.4,238.4,238.4,238.4,248.1,272.6,191.8,290.4,280.5,261.6,236.8,209.3,222.8,169.5,187.6,225.6,231.8,189.5,218.9,217.9,220.6,238.2,253.6,257.5,222,205.9,239.4,198.4
2006,145.5,220.6,218.1,210,175.6,133,176.6,171.5,211.5,166.9,103.6,175,202.7,249.9,90.6,90.6,90.6,90.6,160.4,176.3,183.9,204.8,193.5,265.7,239,242.6,310.9,182.9,123,209.3,263.7,189.6,77.8,248.9,213.3,191.7,150.5,242.3,213.2,276.5,74.9,287.5,204.5,218.3,173.8,184.1,205.5,99.6,130.4,225.8,199.5,217.5,236.3,197.5,203.2,190.2,282.8,197,220.7,,199.2,111.4,200.8,209.5,246,266.2,230,205.7,170.2,199.5,227,226.4,213.6,213.1,204.6,271.5,325.2,178,178,178,178,178,178,178,178,178,178,178,178,178,178,167.2,167.2,167.2,167.2,167.2,167.2,167.2,167.2,167.2,167.2,167.2,208.8,208.8,208.8,208.8,208.8,208.8,208.8,208.8,208.8,208.8,208.8,208.8,208.8,208.8,220.4,220.4,220.4,220.4,239.2,239.2,239.2,239.2,239.2,247.8,271.7,196.7,290,279.7,259.2,246.1,206.2,221.4,167.4,192.7,223,232.2,188.4,208.3,219.1,217.4,218.2,252.3,258,222.6,205.2,240.4,199.2
2007,147,220.6,218.4,210.3,183.5,130.7,202,167.4,203.6,173.4,110.5,172.6,203.3,255.2,90.8,90.8,90.8,90.8,161.2,171.4,182.1,225.4,203.1,266.5,240.9,236,317.5,177.8,122.1,210.2,269.2,185.6,70.5,245.7,213.5,194.1,135.2,239.9,207.4,291.8,69.5,285.5,198.8,218.4,174.3,185.6,207.3,93.1,120.4,233.5,203.4,219.7,246.5,197.8,202.4,191,279.1,194.9,222.1,,198.2,116.9,199.4,208.5,241.2,263.4,229.9,204.3,177.4,200.4,226,227.8,213.4,213.3,204.6,269.2,324.2,175.3,175.3,175.3,175.3,175.3,175.3,175.3,175.3,175.3,175.3,175.3,175.3,175.3,175.3,176.6,176.6,176.6,176.6,176.6,176.6,176.6,176.6,176.6,176.6,176.6,211.4,211.4,211.4,211.4,211.4,211.4,211.4,211.4,211.4,211.4,211.4,211.4,211.4,211.4,218.7,218.7,218.7,218.7,239.5,239.5,239.5,239.5,239.5,247.1,270.6,193.9,289.3,281.6,259.9,247.6,210.5,211.6,163.5,197.5,227.8,233.5,187.3,217.4,211.3,216.2,218.9,241.3,258.8,223.5,205.7,240.9,199
2008,145.9,217.4,216.9,208.6,184.5,133.5,206.3,174,194.9,178.2,113.6,175,200.2,249.1,97.8,97.8,97.8,97.8,162.6,169.9,181.2,218.8,195.9,264.5,235.5,233.7,316.4,164,121.5,207.7,265.2,184.3,51.7,244.3,210.1,189.2,137.7,240.4,208.3,296.4,66.8,282.5,202.8,213,174.2,182,198.8,90.3,124.4,235.7,204.2,220,243.2,195.5,197.8,197.6,288.6,197.4,227.1,,200.5,130,202.8,210.5,242.7,263.8,230.3,207.7,177.6,198.3,224.5,228.5,213.3,214,204.4,271,326.3,174.7,174.7,174.7,174.7,174.7,174.7,174.7,174.7,174.7,174.7,174.7,174.7,174.7,174.7,180.8,180.8,180.8,180.8,180.8,180.8,180.8,180.8,180.8,180.8,180.8,212.6,212.6,212.6,212.6,212.6,212.6,212.6,212.6,212.6,212.6,212.6,212.6,212.6,212.6,215.9,215.9,215.9,215.9,241.7,241.7,241.7,241.7,241.7,248.5,272.2,198.6,284.2,279.9,263.9,243.8,215.1,212.3,166.4,202.4,227.4,236.8,189,211.9,209.4,214.3,232,242.2,257.9,223.1,204.6,240.3,196.4
2009,142.4,219.8,211.7,204.2,181.3,126.5,202.4,176.4,202,174.5,106.1,176.3,199.7,251.1,102.8,102.8,102.8,102.8,159.1,160.3,174,216.9,186.3,262.4,231.8,232.1,318.4,169.1,123.5,206.2,262.3,178.2,48.4,239.7,199.4,183.7,136,239.1,202.5,281.8,72.3,280.1,199.6,205.5,176.6,175.6,191.5,94,126.1,231.8,205.9,211.9,240.6,192.5,196.4,200.4,288.6,193.2,217.3,,198.1,129.7,199.1,208.8,246,263,224.9,206,177.9,196.4,221,228.4,211.5,213.2,204.3,258.3,326.6,176.2,176.2,176.2,176.2,176.2,176.2,176.2,176.2,176.2,176.2,176.2,176.2,176.2,176.2,184.7,184.7,184.7,184.7,184.7,184.7,184.7,184.7,184.7,184.7,184.7,213.4,213.4,213.4,213.4,213.4,213.4,213.4,213.4,213.4,213.4,213.4,213.4,213.4,213.4,217.7,217.7,217.7,217.7,243.6,243.6,243.6,243.6,243.6,247.5,269.8,201.3,284.6,280,267,242.8,205.1,210.7,154.4,199.3,226.5,238.1,189.3,216.1,204.8,206.4,223.9,233.6,257.7,221.8,200.4,240.4,192.6
2010,146.7,218,212.4,205.2,185.2,130.6,206.1,183.6,209.3,176.8,107.6,180.8,195.7,252.2,104.7,104.7,104.7,104.7,161.4,165.3,174.9,218.3,176.6,259.8,228.4,224.1,321.2,177.4,121.8,205.7,254,176.8,46.9,238.4,195.9,188.3,200.9,239,199.1,254.7,76.3,278.7,172.2,197.9,178.3,178.3,177.5,94.5,123.2,221,203.4,213.5,228.7,190,191,198.8,288,191.9,217.6,,195.9,124.8,198,208.7,245.4,259.6,222,203.8,179.3,196.3,220.9,223.8,210.5,215.3,207,253.4,324.5,174.9,174.9,174.9,174.9,174.9,174.9,174.9,174.9,174.9,174.9,174.9,174.9,174.9,174.9,187.7,187.7,187.7,187.7,187.7,187.7,187.7,187.7,187.7,187.7,187.7,215.9,215.9,215.9,215.9,215.9,215.9,215.9,215.9,215.9,215.9,215.9,215.9,215.9,215.9,219.2,219.2,219.2,219.2,234.2,234.2,234.2,234.2,234.2,246.6,263.7,202,281.1,274.9,265.1,243.8,204.7,228.8,150.6,198,235.7,232.4,194.5,200.4,204.1,204.1,234.3,223.4,256,221.2,200.2,239.1,190.5
2011,143.2,218.9,208.6,201.5,184.7,132.9,216.9,172.4,202.1,181.4,107.8,177.9,199.5,251.7,101.5,101.5,101.5,101.5,162,168.5,169.1,227.2,194.6,258.5,226.8,214.6,324.8,167.9,117.5,208.2,259,180.1,46.5,228.7,195.5,189.5,182.1,240.6,201.5,278.4,74.4,277.5,180,209.9,172.9,183.2,186,87.5,123.5,223.6,206.8,211.1,249.4,191.3,197,189.4,287.9,193.7,216.4,,198.4,124.5,199.6,204.9,243.8,258.1,218.5,199.5,176.8,196.2,216.3,226.2,208.2,216.6,204.7,259.8,322.9,176.6,176.6,176.6,176.6,176.6,176.6,176.6,176.6,176.6,176.6,176.6,176.6,176.6,176.6,191.3,191.3,191.3,191.3,191.3,191.3,191.3,191.3,191.3,191.3,191.3,217.1,217.1,217.1,217.1,217.1,217.1,217.1,217.1,217.1,217.1,217.1,217.1,217.1,217.1,227.9,227.9,227.9,227.9,234.2,234.2,234.2,234.2,234.2,246.1,258.9,207.6,282.3,279.3,261.6,250.5,217.2,221.7,149.5,196.1,233.3,232.4,194.5,215.1,210.8,200.3,227.9,208.8,258.3,222.1,199.5,240.1,190.8
2012,140.7,221.4,204.3,197.8,186.5,136.4,217.9,180.2,199.8,178,109.4,180.9,196.3,248.6,102.7,102.7,102.7,102.7,164.3,154.7,170.3,217.4,191.7,257.9,220.6,205.1,315.4,154.8,118.1,208.2,257.4,177.3,46,232.4,192.4,177.8,182.1,238.5,201.5,286.4,66.7,272.2,194.1,209.6,173,182.3,185.9,78,121.1,221.7,208.2,215.5,248.3,189.5,198.1,179.9,287.7,194.9,215.8,,197.7,129.2,200.5,204.7,244.8,267.9,219.8,201.9,176.3,194.2,216.3,226.6,207.8,214.5,205.9,260.2,325.1,171.9,171.9,171.9,171.9,171.9,171.9,171.9,171.9,171.9,171.9,171.9,171.9,171.9,171.9,192.5,192.5,192.5,192.5,192.5,192.5,192.5,192.5,192.5,192.5,192.5,213.6,213.6,213.6,213.6,213.6,213.6,213.6,213.6,213.6,213.6,213.6,213.6,213.6,213.6,237.1,237.1,237.1,237.1,240.4,240.4,240.4,240.4,240.4,245.2,257.6,207.3,276.9,280.2,264.9,254.1,234.2,219,155.7,212.1,232.9,230.5,191.7,232,207.7,200,213.6,207.8,257.5,221.3,198.5,238.8,189.4
2013,141.1,220,205.2,198.4,186.7,143.3,220,186.1,206.1,178.2,113,180.3,197.7,248.7,100.9,100.9,100.9,100.9,167.4,157.3,167.5,208.8,170.5,257.2,216.2,208.1,318.7,157,116.9,208.9,246.6,176.3,47.4,229.3,185.9,183.2,185.2,238.7,203.8,266.1,71.3,273.4,172.8,192.5,169.6,177,176.1,81.3,124.2,215.5,210.2,211.5,235.4,187,197.2,202.6,286,192.2,217.3,,199.1,130,199.3,206.3,244.6,253.4,222.1,206,178.5,196.7,218.8,224.6,208.9,215,205.9,255.5,324.2,177,177,177,177,177,177,177,177,177,177,177,177,177,177,191.6,191.6,191.6,191.6,191.6,191.6,191.6,191.6,191.6,191.6,191.6,213.8,213.8,213.8,213.8,213.8,213.8,213.8,213.8,213.8,213.8,213.8,213.8,213.8,213.8,233.4,233.4,233.4,233.4,247.4,247.4,247.4,247.4,247.4,244.1,253.3,208.9,274.2,281.5,266.4,253.4,233.9,215.2,152.5,181.8,240.1,224.9,193.1,197.6,205.7,199.1,212.4,198.3,255.7,220.7,198,237.9,186.7
2014,142,215,203.3,196.6,187.6,146.2,217.6,188.6,206.5,177.1,112.5,180.3,197.5,250.2,102.9,102.9,102.9,102.9,168.7,153.3,167.3,207.1,167.8,259.6,214.8,198.8,321.9,149,109.9,205.4,250.5,172.8,48.1,228.2,183.6,191.5,181.1,237.4,204.7,271.1,68.1,268.4,169.2,189.3,167.9,155.1,177.8,78.6,115.7,230.6,205.5,205.6,232.9,184.4,198.5,193,283.9,192,217.5,,198.7,135.2,198.8,202.5,247.2,248.3,217.7,205.4,180.7,195.7,216.5,226.3,206.6,211.1,211.2,261.8,323.5,180.9,180.9,180.9,180.9,180.9,180.9,180.9,180.9,180.9,180.9,180.9,180.9,180.9,180.9,193.6,193.6,193.6,193.6,193.6,193.6,193.6,193.6,193.6,193.6,193.6,209.5,209.5,209.5,209.5,209.5,209.5,209.5,209.5,209.5,209.5,209.5,209.5,209.5,209.5,237.3,237.3,237.3,237.3,250,250,250,250,250,244.3,254,209.4,267.8,282.5,269.2,246.8,233.7,221.3,146,197.7,241.7,218.1,190.2,223.8,205.5,198.6,216.9,203.2,252.7,219,196.2,235.8,183.2
2015,140.5,216.9,200.9,194.5,186.8,143.3,214.1,188.8,202.5,178.3,109.5,179.6,198.8,250.9,105.6,105.6,105.6,105.6,167.6,158.3,174.6,207.2,181.1,257.7,220.9,189.2,317.5,141.1,111.2,203,240.4,174.2,49.7,225.4,186.4,191.9,177.9,236.5,211.6,248.2,67.5,265.6,185.7,190.5,167.9,172.4,185.5,76.9,120.8,214.2,195,195.2,238.1,183.1,196.6,196.9,280.7,190.7,214.9,,198.4,141.5,197.8,200.9,248.1,246.1,218.7,204.8,182.9,195.5,214.4,223.5,205.7,208.9,210.4,258.5,322.3,180.8,180.8,180.8,180.8,180.8,180.8,180.8,180.8,180.8,180.8,180.8,180.8,180.8,180.8,192.9,192.9,192.9,192.9,192.9,192.9,192.9,192.9,192.9,192.9,192.9,209.4,209.4,209.4,209.4,209.4,209.4,209.4,209.4,209.4,209.4,209.4,209.4,209.4,209.4,237,237,237,237,250.6,250.6,250.6,250.6,250.6,241.4,253.7,216.3,263.8,277.2,268.9,252.4,229.6,221.4,147.9,197,240.7,217.7,189.3,221.2,205.1,200,228,207.7,250.3,217.3,194.3,234,183.2
2016,138.9,216.8,197.3,191.5,187,136,215.8,189.6,192.1,181.7,111.7,182.3,198.7,250.1,101.6,101.6,101.6,101.6,165.3,155.5,164.6,205.2,179.1,256.4,228.3,193.5,317.1,148.1,115.1,203.6,234.1,175,55,224.7,184.7,187.7,180.8,236.1,211,233.6,64.5,265.4,174.4,184.2,169.4,173.2,179.4,78.3,123.5,215,206.2,186.8,234.7,182.9,195.7,199.3,277.6,188.4,215,,196.7,142.9,195.7,199,246.1,239.7,219.8,205.4,183.2,196.6,214,220.4,205.3,207,208.6,256.9,319.7,182.2,182.2,182.2,182.2,182.2,182.2,182.2,182.2,182.2,182.2,182.2,182.2,182.2,182.2,191.2,191.2,191.2,191.2,191.2,191.2,191.2,191.2,191.2,191.2,191.2,213.1,213.1,213.1,213.1,213.1,213.1,213.1,213.1,213.1,213.1,213.1,213.1,213.1,213.1,234.6,234.6,234.6,234.6,253.7,253.7,253.7,253.7,253.7,241.2,252,215.6,259.1,276.6,268.5,247.6,230.4,215.1,143.3,198.5,241.6,224.6,186.4,235.2,208.1,200.3,226.2,208.8,247.4,215.3,192.4,231.8,182.2
2017,140.1,217.5,194.3,189.2,184.5,136.4,210.5,174.9,179.7,170.8,102.9,180,192.4,247.7,106.9,106.9,106.9,106.9,162.2,158.8,165.4,213.1,183.6,255.7,214.5,180.6,311,143.4,118.1,198.7,236.2,174.2,57.9,217.8,184.8,168.4,174.5,233.6,206.8,258.4,63.9,263.2,193.7,189.8,171.5,174.3,188.1,74.7,125.8,224.3,193.5,182.1,243.1,182.9,193.4,199.4,276.4,185.4,215.2,,196.3,138.2,193.4,195.1,246.1,235.6,216.1,207.5,181.7,194,214.3,220,203,209.6,204.9,258.4,319.3,185.2,185.2,185.2,185.2,185.2,185.2,185.2,185.2,185.2,185.2,185.2,185.2,185.2,185.2,180.3,180.3,180.3,180.3,180.3,180.3,180.3,180.3,180.3,180.3,180.3,213.6,213.6,213.6,213.6,213.6,213.6,213.6,213.6,213.6,213.6,213.6,213.6,213.6,213.6,234.9,234.9,234.9,234.9,254.4,254.4,254.4,254.4,254.4,239.6,251.2,217.5,255.8,275.2,267.7,250.5,226.3,203.4,148.5,202.6,243.8,229.7,187.7,238.6,213.3,197.5,212.8,209.1,245.3,213.8,191,229.9,181.6
2018,141.9,214.4,192.7,187.9,183.4,131.2,204.4,174.9,183.4,168.4,102.9,175.4,193.2,248.3,108,108,108,108,159.4,157.4,173.9,198.5,169,254.3,213,184.7,320.7,146.9,112,195.9,230.5,173.7,57.8,212,183.1,184.6,179.9,232.8,202.3,243.1,65.8,262.4,182.6,187.1,172.4,171.6,181.7,74.8,118.7,224.4,196.3,179.4,231.8,180.4,191.7,200.6,278.4,185.6,214.1,,200.4,143.5,194.4,196,244.7,234.3,216,205.1,181.1,189.4,213.7,219.1,201.6,209,203.3,256.6,319.8,185.7,185.7,185.7,185.7,185.7,185.7,185.7,185.7,185.7,185.7,185.7,185.7,185.7,185.7,177.6,177.6,177.6,177.6,177.6,177.6,177.6,177.6,177.6,177.6,177.6,212.7,212.7,212.7,212.7,212.7,212.7,212.7,212.7,212.7,212.7,212.7,212.7,212.7,212.7,235.8,235.8,235.8,235.8,256.2,256.2,256.2,256.2,256.2,238.4,246.8,219.8,252.1,275.1,265.1,254.2,222.4,208.3,148.3,204.7,246.2,225,190,222.6,209.5,196.8,229.3,237.1,243.5,212.5,189.2,228.5,178.8
2019,140.9,212.1,188.8,184.5,181.8,128.1,200.8,188.3,172.2,166.5,101.5,165.5,199.8,248.8,115.3,115.3,115.3,115.3,157.9,155.3,165.2,197.7,175.7,252.9,208.5,172.8,305.6,140.9,111.3,187.3,225.3,171.7,53.4,204.7,183.8,191.8,181.2,231,196.9,263.8,68.4,255.8,177.5,185.2,164.9,168.6,175.2,74.4,121.7,212.6,196,177.7,246.3,176.6,191.6,200.9,278.6,185.1,213.4,,198.8,149.7,194.1,195.6,240.2,233.7,213.9,206.2,182.4,189.2,210.6,216.6,200.9,208.7,201.4,258.9,319.2,178.4,178.4,178.4,178.4,178.4,178.4,178.4,178.4,178.4,178.4,178.4,178.4,178.4,178.4,176.2,176.2,176.2,176.2,176.2,176.2,176.2,176.2,176.2,176.2,176.2,213.1,213.1,213.1,213.1,213.1,213.1,213.1,213.1,213.1,213.1,213.1,213.1,213.1,213.1,235.8,235.8,235.8,235.8,252.8,252.8,252.8,252.8,252.8,237.1,240.5,218.1,249.6,274.6,262.2,255.4,216.5,206.5,150.8,200.5,249.2,222,185.8,235,208.5,193.4,249.8,235.1,241.4,210.7,185.2,227.6,174.3